Sample,Expert,Probability,Label,Epoch,Batch
Sample_1,Expert_1,0.043166015297174454,2,4,0
Sample_1,Expert_2,0.3596312999725342,2,4,0
Sample_1,Expert_3,0.2717147767543793,2,4,0
Sample_1,Expert_4,0.32548788189888,2,4,0
Sample_2,Expert_1,0.04001209884881973,1,4,0
Sample_2,Expert_2,0.03562428429722786,1,4,0
Sample_2,Expert_3,0.9051977396011353,1,4,0
Sample_2,Expert_4,0.01916584186255932,1,4,0
Sample_3,Expert_1,0.03180370107293129,8,4,0
Sample_3,Expert_2,0.36595845222473145,8,4,0
Sample_3,Expert_3,0.489935040473938,8,4,0
Sample_3,Expert_4,0.11230283975601196,8,4,0
Sample_4,Expert_1,0.7331961393356323,4,4,0
Sample_4,Expert_2,0.08552345633506775,4,4,0
Sample_4,Expert_3,0.09838861227035522,4,4,0
Sample_4,Expert_4,0.08289176970720291,4,4,0
Sample_5,Expert_1,0.035006240010261536,1,4,0
Sample_5,Expert_2,0.05013527348637581,1,4,0
Sample_5,Expert_3,0.7787631750106812,1,4,0
Sample_5,Expert_4,0.13609524071216583,1,4,0
Sample_6,Expert_1,0.4807087481021881,4,4,0
Sample_6,Expert_2,0.08512473106384277,4,4,0
Sample_6,Expert_3,0.2378980964422226,4,4,0
Sample_6,Expert_4,0.19626840949058533,4,4,0
Sample_7,Expert_1,0.001569112529978156,3,4,0
Sample_7,Expert_2,0.0831582248210907,3,4,0
Sample_7,Expert_3,0.014465196058154106,3,4,0
Sample_7,Expert_4,0.9008074402809143,3,4,0
Sample_8,Expert_1,0.017770061269402504,3,4,0
Sample_8,Expert_2,0.06983505189418793,3,4,0
Sample_8,Expert_3,0.16445668041706085,3,4,0
Sample_8,Expert_4,0.7479382157325745,3,4,0
Sample_9,Expert_1,0.25803619623184204,7,4,0
Sample_9,Expert_2,0.06257621943950653,7,4,0
Sample_9,Expert_3,0.032235100865364075,7,4,0
Sample_9,Expert_4,0.6471524834632874,7,4,0
Sample_10,Expert_1,0.010097197256982327,8,4,0
Sample_10,Expert_2,0.25421959161758423,8,4,0
Sample_10,Expert_3,0.020162200555205345,8,4,0
Sample_10,Expert_4,0.7155210375785828,8,4,0
Sample_11,Expert_1,0.08240335434675217,7,4,0
Sample_11,Expert_2,0.053248289972543716,7,4,0
Sample_11,Expert_3,0.03150007128715515,7,4,0
Sample_11,Expert_4,0.832848310470581,7,4,0
Sample_12,Expert_1,0.04000869765877724,6,4,0
Sample_12,Expert_2,0.14419062435626984,6,4,0
Sample_12,Expert_3,0.7593545317649841,6,4,0
Sample_12,Expert_4,0.05644607171416283,6,4,0
Sample_13,Expert_1,0.03884449973702431,1,4,0
Sample_13,Expert_2,0.042363010346889496,1,4,0
Sample_13,Expert_3,0.8532010912895203,1,4,0
Sample_13,Expert_4,0.0655914694070816,1,4,0
Sample_14,Expert_1,0.1786172240972519,8,4,0
Sample_14,Expert_2,0.2043512761592865,8,4,0
Sample_14,Expert_3,0.06086711585521698,8,4,0
Sample_14,Expert_4,0.5561643838882446,8,4,0
Sample_15,Expert_1,0.4424661099910736,9,4,0
Sample_15,Expert_2,0.034308865666389465,9,4,0
Sample_15,Expert_3,0.14614644646644592,9,4,0
Sample_15,Expert_4,0.3770785629749298,9,4,0
Sample_16,Expert_1,0.657088577747345,7,4,0
Sample_16,Expert_2,0.06100078299641609,7,4,0
Sample_16,Expert_3,0.1892898976802826,7,4,0
Sample_16,Expert_4,0.09262079000473022,7,4,0
Sample_17,Expert_1,0.7595222592353821,7,4,0
Sample_17,Expert_2,0.05077481269836426,7,4,0
Sample_17,Expert_3,0.09382569044828415,7,4,0
Sample_17,Expert_4,0.09587720781564713,7,4,0
Sample_18,Expert_1,0.20472829043865204,1,4,0
Sample_18,Expert_2,0.0015166321536526084,1,4,0
Sample_18,Expert_3,0.7442591190338135,1,4,0
Sample_18,Expert_4,0.049495916813611984,1,4,0
Sample_19,Expert_1,0.016931772232055664,6,4,0
Sample_19,Expert_2,0.42575132846832275,6,4,0
Sample_19,Expert_3,0.5365526080131531,6,4,0
Sample_19,Expert_4,0.02076430805027485,6,4,0
Sample_20,Expert_1,0.7752345204353333,9,4,0
Sample_20,Expert_2,0.06615229696035385,9,4,0
Sample_20,Expert_3,0.058602262288331985,9,4,0
Sample_20,Expert_4,0.10001090914011002,9,4,0
Sample_21,Expert_1,0.019881373271346092,2,4,0
Sample_21,Expert_2,0.10777673870325089,2,4,0
Sample_21,Expert_3,0.10796032100915909,2,4,0
Sample_21,Expert_4,0.7643815875053406,2,4,0
Sample_22,Expert_1,0.5180587768554688,7,4,0
Sample_22,Expert_2,0.4259791076183319,7,4,0
Sample_22,Expert_3,0.023205164819955826,7,4,0
Sample_22,Expert_4,0.032756976783275604,7,4,0
Sample_23,Expert_1,0.04818950220942497,8,4,0
Sample_23,Expert_2,0.23829828202724457,8,4,0
Sample_23,Expert_3,0.043177664279937744,8,4,0
Sample_23,Expert_4,0.6703345775604248,8,4,0
Sample_24,Expert_1,0.0036048339679837227,2,4,0
Sample_24,Expert_2,0.008726373314857483,2,4,0
Sample_24,Expert_3,0.1013874039053917,2,4,0
Sample_24,Expert_4,0.8862813711166382,2,4,0
Sample_25,Expert_1,0.10614717751741409,1,4,0
Sample_25,Expert_2,0.028305143117904663,1,4,0
Sample_25,Expert_3,0.7896764874458313,1,4,0
Sample_25,Expert_4,0.07587116211652756,1,4,0
Sample_26,Expert_1,0.7024189829826355,7,4,0
Sample_26,Expert_2,0.06148216500878334,7,4,0
Sample_26,Expert_3,0.07496149092912674,7,4,0
Sample_26,Expert_4,0.16113734245300293,7,4,0
Sample_27,Expert_1,0.13601146638393402,1,4,0
Sample_27,Expert_2,0.0452292300760746,1,4,0
Sample_27,Expert_3,0.6828771829605103,1,4,0
Sample_27,Expert_4,0.13588209450244904,1,4,0
Sample_28,Expert_1,0.047608330845832825,1,4,0
Sample_28,Expert_2,0.05993180349469185,1,4,0
Sample_28,Expert_3,0.8246665596961975,1,4,0
Sample_28,Expert_4,0.06779327988624573,1,4,0
Sample_29,Expert_1,0.027652299031615257,6,4,0
Sample_29,Expert_2,0.151460662484169,6,4,0
Sample_29,Expert_3,0.7745795845985413,6,4,0
Sample_29,Expert_4,0.04630747437477112,6,4,0
Sample_30,Expert_1,0.19003714621067047,0,4,0
Sample_30,Expert_2,0.641185462474823,0,4,0
Sample_30,Expert_3,0.011526049114763737,0,4,0
Sample_30,Expert_4,0.1572512984275818,0,4,0
Sample_31,Expert_1,0.2201477289199829,0,4,0
Sample_31,Expert_2,0.36642464995384216,0,4,0
Sample_31,Expert_3,0.07817968726158142,0,4,0
Sample_31,Expert_4,0.3352479338645935,0,4,0
Sample_32,Expert_1,0.03284837678074837,1,4,0
Sample_32,Expert_2,0.07031527161598206,1,4,0
Sample_32,Expert_3,0.8833793997764587,1,4,0
Sample_32,Expert_4,0.013456875458359718,1,4,0
Sample_33,Expert_1,0.05025516450405121,6,4,0
Sample_33,Expert_2,0.10542468726634979,6,4,0
Sample_33,Expert_3,0.6922531723976135,6,4,0
Sample_33,Expert_4,0.15206687152385712,6,4,0
Sample_34,Expert_1,0.06000641733407974,1,4,0
Sample_34,Expert_2,0.009920494630932808,1,4,0
Sample_34,Expert_3,0.8050835132598877,1,4,0
Sample_34,Expert_4,0.12498953938484192,1,4,0
Sample_35,Expert_1,0.705018162727356,9,4,0
Sample_35,Expert_2,0.012952769175171852,9,4,0
Sample_35,Expert_3,0.014318682253360748,9,4,0
Sample_35,Expert_4,0.2677103579044342,9,4,0
Sample_36,Expert_1,0.0005771100404672325,3,4,0
Sample_36,Expert_2,0.21663320064544678,3,4,0
Sample_36,Expert_3,0.03245031088590622,3,4,0
Sample_36,Expert_4,0.7503394484519958,3,4,0
Sample_37,Expert_1,0.0242477934807539,2,4,0
Sample_37,Expert_2,0.04817279800772667,2,4,0
Sample_37,Expert_3,0.41202452778816223,2,4,0
Sample_37,Expert_4,0.5155549049377441,2,4,0
Sample_38,Expert_1,0.011700610630214214,0,4,0
Sample_38,Expert_2,0.8457678556442261,0,4,0
Sample_38,Expert_3,0.002663101302459836,0,4,0
Sample_38,Expert_4,0.13986846804618835,0,4,0
Sample_39,Expert_1,0.04711058735847473,8,4,0
Sample_39,Expert_2,0.32306206226348877,8,4,0
Sample_39,Expert_3,0.039618294686079025,8,4,0
Sample_39,Expert_4,0.5902090072631836,8,4,0
Sample_40,Expert_1,0.06901313364505768,3,4,0
Sample_40,Expert_2,0.2527516782283783,3,4,0
Sample_40,Expert_3,0.19889618456363678,3,4,0
Sample_40,Expert_4,0.47933900356292725,3,4,0
Sample_41,Expert_1,0.06179266422986984,8,4,0
Sample_41,Expert_2,0.1321728378534317,8,4,0
Sample_41,Expert_3,0.09321463108062744,8,4,0
Sample_41,Expert_4,0.7128199338912964,8,4,0
Sample_42,Expert_1,0.07760051637887955,3,4,0
Sample_42,Expert_2,0.17089389264583588,3,4,0
Sample_42,Expert_3,0.392692893743515,3,4,0
Sample_42,Expert_4,0.35881274938583374,3,4,0
Sample_43,Expert_1,0.04084985703229904,8,4,0
Sample_43,Expert_2,0.14652183651924133,8,4,0
Sample_43,Expert_3,0.08030728250741959,8,4,0
Sample_43,Expert_4,0.7323209643363953,8,4,0
Sample_44,Expert_1,0.043520230799913406,0,4,0
Sample_44,Expert_2,0.4837091565132141,0,4,0
Sample_44,Expert_3,0.03240426257252693,0,4,0
Sample_44,Expert_4,0.44036638736724854,0,4,0
Sample_45,Expert_1,0.0012510113883763552,3,4,0
Sample_45,Expert_2,0.09318570047616959,3,4,0
Sample_45,Expert_3,0.0035637381952255964,3,4,0
Sample_45,Expert_4,0.9019995927810669,3,4,0
Sample_46,Expert_1,0.023947764188051224,6,4,0
Sample_46,Expert_2,0.1842348426580429,6,4,0
Sample_46,Expert_3,0.7783814668655396,6,4,0
Sample_46,Expert_4,0.013435905799269676,6,4,0
Sample_47,Expert_1,0.19843721389770508,1,4,0
Sample_47,Expert_2,0.049541670829057693,1,4,0
Sample_47,Expert_3,0.6258957982063293,1,4,0
Sample_47,Expert_4,0.12612535059452057,1,4,0
Sample_48,Expert_1,0.005132962483912706,3,4,0
Sample_48,Expert_2,0.013074775226414204,3,4,0
Sample_48,Expert_3,0.0038438248448073864,3,4,0
Sample_48,Expert_4,0.9779484272003174,3,4,0
Sample_49,Expert_1,0.03545928746461868,8,4,0
Sample_49,Expert_2,0.6923446655273438,8,4,0
Sample_49,Expert_3,0.03497357293963432,8,4,0
Sample_49,Expert_4,0.23722243309020996,8,4,0
Sample_50,Expert_1,0.8825048208236694,7,4,0
Sample_50,Expert_2,0.03044322319328785,7,4,0
Sample_50,Expert_3,0.0046494803391397,7,4,0
Sample_50,Expert_4,0.08240249007940292,7,4,0
Sample_51,Expert_1,0.08248599618673325,5,4,0
Sample_51,Expert_2,0.8526961207389832,5,4,0
Sample_51,Expert_3,0.04569133371114731,5,4,0
Sample_51,Expert_4,0.01912653259932995,5,4,0
Sample_52,Expert_1,0.002328569069504738,5,4,0
Sample_52,Expert_2,0.9001392126083374,5,4,0
Sample_52,Expert_3,0.003317940514534712,5,4,0
Sample_52,Expert_4,0.09421433508396149,5,4,0
Sample_53,Expert_1,0.08139879256486893,0,4,0
Sample_53,Expert_2,0.5310632586479187,0,4,0
Sample_53,Expert_3,0.09333603829145432,0,4,0
Sample_53,Expert_4,0.29420191049575806,0,4,0
Sample_54,Expert_1,0.004088357090950012,0,4,0
Sample_54,Expert_2,0.9267770051956177,0,4,0
Sample_54,Expert_3,0.007983969524502754,0,4,0
Sample_54,Expert_4,0.06115065515041351,0,4,0
Sample_55,Expert_1,0.235724538564682,8,4,0
Sample_55,Expert_2,0.1726033091545105,8,4,0
Sample_55,Expert_3,0.35469546914100647,8,4,0
Sample_55,Expert_4,0.23697666823863983,8,4,0
Sample_56,Expert_1,0.0002117691474268213,3,4,0
Sample_56,Expert_2,0.033744797110557556,3,4,0
Sample_56,Expert_3,0.0033410941250622272,3,4,0
Sample_56,Expert_4,0.9627023339271545,3,4,0
Sample_57,Expert_1,0.00011906361032743007,0,4,0
Sample_57,Expert_2,0.9911906719207764,0,4,0
Sample_57,Expert_3,0.0043408749625086784,0,4,0
Sample_57,Expert_4,0.004349493887275457,0,4,0
Sample_58,Expert_1,6.587761890841648e-05,0,4,0
Sample_58,Expert_2,0.9321100115776062,0,4,0
Sample_58,Expert_3,0.00521726394072175,0,4,0
Sample_58,Expert_4,0.0626068115234375,0,4,0
Sample_59,Expert_1,0.46951982378959656,7,4,0
Sample_59,Expert_2,0.03571367636322975,7,4,0
Sample_59,Expert_3,0.004778039641678333,7,4,0
Sample_59,Expert_4,0.48998844623565674,7,4,0
Sample_60,Expert_1,0.5785902738571167,9,4,0
Sample_60,Expert_2,0.18530341982841492,9,4,0
Sample_60,Expert_3,0.027824657037854195,9,4,0
Sample_60,Expert_4,0.20828157663345337,9,4,0
Sample_61,Expert_1,0.024747570976614952,0,4,0
Sample_61,Expert_2,0.649713397026062,0,4,0
Sample_61,Expert_3,0.029248492792248726,0,4,0
Sample_61,Expert_4,0.2962905764579773,0,4,0
Sample_62,Expert_1,0.09077642112970352,1,4,0
Sample_62,Expert_2,0.004410277120769024,1,4,0
Sample_62,Expert_3,0.47356584668159485,1,4,0
Sample_62,Expert_4,0.43124744296073914,1,4,0
Sample_63,Expert_1,0.03408094123005867,8,4,0
Sample_63,Expert_2,0.5283083915710449,8,4,0
Sample_63,Expert_3,0.30708423256874084,8,4,0
Sample_63,Expert_4,0.13052639365196228,8,4,0
Sample_64,Expert_1,0.5217515826225281,7,4,0
Sample_64,Expert_2,0.11037464439868927,7,4,0
Sample_64,Expert_3,0.03946777805685997,7,4,0
Sample_64,Expert_4,0.3284060060977936,7,4,0
Sample_65,Expert_1,0.0013997589703649282,3,4,0
Sample_65,Expert_2,0.22956520318984985,3,4,0
Sample_65,Expert_3,0.0669039934873581,3,4,0
Sample_65,Expert_4,0.7021310925483704,3,4,0
Sample_66,Expert_1,0.11132114380598068,1,4,0
Sample_66,Expert_2,0.009479103609919548,1,4,0
Sample_66,Expert_3,0.8462845087051392,1,4,0
Sample_66,Expert_4,0.03291529417037964,1,4,0
Sample_67,Expert_1,0.9819404482841492,4,4,0
Sample_67,Expert_2,0.0050332979299128056,4,4,0
Sample_67,Expert_3,0.0013435037108138204,4,4,0
Sample_67,Expert_4,0.011682865209877491,4,4,0
Sample_68,Expert_1,0.03618510067462921,8,4,0
Sample_68,Expert_2,0.5286936163902283,8,4,0
Sample_68,Expert_3,0.028622755780816078,8,4,0
Sample_68,Expert_4,0.406498521566391,8,4,0
Sample_69,Expert_1,0.28234022855758667,4,4,0
Sample_69,Expert_2,0.22603467106819153,4,4,0
Sample_69,Expert_3,0.1744319349527359,4,4,0
Sample_69,Expert_4,0.3171931207180023,4,4,0
Sample_70,Expert_1,0.13544084131717682,2,4,0
Sample_70,Expert_2,0.1571343094110489,2,4,0
Sample_70,Expert_3,0.1235201433300972,2,4,0
Sample_70,Expert_4,0.5839047431945801,2,4,0
Sample_71,Expert_1,0.07596466690301895,6,4,0
Sample_71,Expert_2,0.2236326038837433,6,4,0
Sample_71,Expert_3,0.5951056480407715,6,4,0
Sample_71,Expert_4,0.10529709607362747,6,4,0
Sample_72,Expert_1,0.7599332332611084,9,4,0
Sample_72,Expert_2,0.023592133074998856,9,4,0
Sample_72,Expert_3,0.04254128783941269,9,4,0
Sample_72,Expert_4,0.17393329739570618,9,4,0
Sample_73,Expert_1,0.05715663731098175,1,4,0
Sample_73,Expert_2,0.06895187497138977,1,4,0
Sample_73,Expert_3,0.5482231378555298,1,4,0
Sample_73,Expert_4,0.3256683647632599,1,4,0
Sample_74,Expert_1,0.005166534334421158,5,4,0
Sample_74,Expert_2,0.927168607711792,5,4,0
Sample_74,Expert_3,0.03821016848087311,5,4,0
Sample_74,Expert_4,0.02945474348962307,5,4,0
Sample_75,Expert_1,0.03625548630952835,2,4,0
Sample_75,Expert_2,0.1134544387459755,2,4,0
Sample_75,Expert_3,0.19627000391483307,2,4,0
Sample_75,Expert_4,0.6540200710296631,2,4,0
Sample_76,Expert_1,0.0018172264099121094,5,4,0
Sample_76,Expert_2,0.972912609577179,5,4,0
Sample_76,Expert_3,0.007471059449017048,5,4,0
Sample_76,Expert_4,0.017799193039536476,5,4,0
Sample_77,Expert_1,0.1293528974056244,8,4,0
Sample_77,Expert_2,0.18290551006793976,8,4,0
Sample_77,Expert_3,0.3532652258872986,8,4,0
Sample_77,Expert_4,0.3344762921333313,8,4,0
Sample_78,Expert_1,0.0006052214303053916,2,4,0
Sample_78,Expert_2,0.023234643042087555,2,4,0
Sample_78,Expert_3,0.21778504550457,2,4,0
Sample_78,Expert_4,0.7583750486373901,2,4,0
Sample_79,Expert_1,0.7661041617393494,4,4,0
Sample_79,Expert_2,0.11551126837730408,4,4,0
Sample_79,Expert_3,0.042683232575654984,4,4,0
Sample_79,Expert_4,0.07570140063762665,4,4,0
Sample_80,Expert_1,0.04932084679603577,6,4,0
Sample_80,Expert_2,0.028459977358579636,6,4,0
Sample_80,Expert_3,0.5482890605926514,6,4,0
Sample_80,Expert_4,0.37393006682395935,6,4,0
Sample_81,Expert_1,0.002850011456757784,3,4,0
Sample_81,Expert_2,0.09979258477687836,3,4,0
Sample_81,Expert_3,0.017496351152658463,3,4,0
Sample_81,Expert_4,0.8798609972000122,3,4,0
Sample_82,Expert_1,0.7749830484390259,4,4,0
Sample_82,Expert_2,0.04585728794336319,4,4,0
Sample_82,Expert_3,0.13164201378822327,4,4,0
Sample_82,Expert_4,0.047517649829387665,4,4,0
Sample_83,Expert_1,0.04659029841423035,2,4,0
Sample_83,Expert_2,0.20494093000888824,2,4,0
Sample_83,Expert_3,0.08723495155572891,2,4,0
Sample_83,Expert_4,0.6612338423728943,2,4,0
Sample_84,Expert_1,0.5469788908958435,7,4,0
Sample_84,Expert_2,0.1760053187608719,7,4,0
Sample_84,Expert_3,0.03937921300530434,7,4,0
Sample_84,Expert_4,0.237636536359787,7,4,0
Sample_85,Expert_1,0.919339120388031,7,4,0
Sample_85,Expert_2,0.06120191141963005,7,4,0
Sample_85,Expert_3,0.0022910076659172773,7,4,0
Sample_85,Expert_4,0.0171679574996233,7,4,0
Sample_86,Expert_1,0.007099602837115526,2,4,0
Sample_86,Expert_2,0.20110107958316803,2,4,0
Sample_86,Expert_3,0.029181789606809616,2,4,0
Sample_86,Expert_4,0.7626175284385681,2,4,0
Sample_87,Expert_1,0.01806764118373394,3,4,0
Sample_87,Expert_2,0.04968375340104103,3,4,0
Sample_87,Expert_3,0.03625129535794258,3,4,0
Sample_87,Expert_4,0.8959972858428955,3,4,0
Sample_88,Expert_1,0.09530911594629288,2,4,0
Sample_88,Expert_2,0.08271685242652893,2,4,0
Sample_88,Expert_3,0.1145746037364006,2,4,0
Sample_88,Expert_4,0.7073993682861328,2,4,0
Sample_89,Expert_1,0.04008138179779053,8,4,0
Sample_89,Expert_2,0.5391903519630432,8,4,0
Sample_89,Expert_3,0.02542479895055294,8,4,0
Sample_89,Expert_4,0.3953033983707428,8,4,0
Sample_90,Expert_1,0.6978384852409363,4,4,0
Sample_90,Expert_2,0.05569431558251381,4,4,0
Sample_90,Expert_3,0.15286457538604736,4,4,0
Sample_90,Expert_4,0.09360270947217941,4,4,0
Sample_91,Expert_1,0.004927330184727907,5,4,0
Sample_91,Expert_2,0.5127928853034973,5,4,0
Sample_91,Expert_3,0.4625641703605652,5,4,0
Sample_91,Expert_4,0.019715555012226105,5,4,0
Sample_92,Expert_1,0.0009496836573816836,5,4,0
Sample_92,Expert_2,0.8663341403007507,5,4,0
Sample_92,Expert_3,0.0349697582423687,5,4,0
Sample_92,Expert_4,0.09774639457464218,5,4,0
Sample_93,Expert_1,0.5035600066184998,9,4,0
Sample_93,Expert_2,0.15861642360687256,9,4,0
Sample_93,Expert_3,0.12111971527338028,9,4,0
Sample_93,Expert_4,0.216703861951828,9,4,0
Sample_94,Expert_1,0.5430482625961304,1,4,0
Sample_94,Expert_2,0.24331225454807281,1,4,0
Sample_94,Expert_3,0.17074622213840485,1,4,0
Sample_94,Expert_4,0.04289323464035988,1,4,0
Sample_95,Expert_1,0.13500384986400604,3,4,0
Sample_95,Expert_2,0.10059049725532532,3,4,0
Sample_95,Expert_3,0.16735325753688812,3,4,0
Sample_95,Expert_4,0.5970523953437805,3,4,0
Sample_96,Expert_1,0.794187068939209,7,4,0
Sample_96,Expert_2,0.0035581435076892376,7,4,0
Sample_96,Expert_3,0.014597427099943161,7,4,0
Sample_96,Expert_4,0.1876574456691742,7,4,0
Sample_97,Expert_1,0.07521296292543411,6,4,0
Sample_97,Expert_2,0.5024339556694031,6,4,0
Sample_97,Expert_3,0.3047778308391571,6,4,0
Sample_97,Expert_4,0.11757519841194153,6,4,0
Sample_98,Expert_1,0.027947157621383667,5,4,0
Sample_98,Expert_2,0.8836759924888611,5,4,0
Sample_98,Expert_3,0.062391865998506546,5,4,0
Sample_98,Expert_4,0.02598506771028042,5,4,0
Sample_99,Expert_1,0.6536948084831238,9,4,0
Sample_99,Expert_2,0.08028273284435272,9,4,0
Sample_99,Expert_3,0.040605269372463226,9,4,0
Sample_99,Expert_4,0.22541722655296326,9,4,0
Sample_100,Expert_1,0.05866045877337456,1,4,0
Sample_100,Expert_2,0.0026232644449919462,1,4,0
Sample_100,Expert_3,0.8627824187278748,1,4,0
Sample_100,Expert_4,0.07593391835689545,1,4,0
Sample_101,Expert_1,0.17125804722309113,9,4,0
Sample_101,Expert_2,0.11861971765756607,9,4,0
Sample_101,Expert_3,0.03486354649066925,9,4,0
Sample_101,Expert_4,0.6752586960792542,9,4,0
Sample_102,Expert_1,0.00597191508859396,3,4,0
Sample_102,Expert_2,0.035475265234708786,3,4,0
Sample_102,Expert_3,0.02236395701766014,3,4,0
Sample_102,Expert_4,0.9361888766288757,3,4,0
Sample_103,Expert_1,0.001785625354386866,0,4,0
Sample_103,Expert_2,0.9521446824073792,0,4,0
Sample_103,Expert_3,0.006899072788655758,0,4,0
Sample_103,Expert_4,0.03917062655091286,0,4,0
Sample_104,Expert_1,0.0071056438609957695,0,4,0
Sample_104,Expert_2,0.3742370903491974,0,4,0
Sample_104,Expert_3,0.03911314532160759,0,4,0
Sample_104,Expert_4,0.5795441269874573,0,4,0
Sample_105,Expert_1,0.0020112760830670595,5,4,0
Sample_105,Expert_2,0.7402587532997131,5,4,0
Sample_105,Expert_3,0.22519177198410034,5,4,0
Sample_105,Expert_4,0.03253811597824097,5,4,0
Sample_106,Expert_1,0.0008219458977691829,5,4,0
Sample_106,Expert_2,0.8837476968765259,5,4,0
Sample_106,Expert_3,0.09588164836168289,5,4,0
Sample_106,Expert_4,0.019548723474144936,5,4,0
Sample_107,Expert_1,0.052408549934625626,3,4,0
Sample_107,Expert_2,0.3400850296020508,3,4,0
Sample_107,Expert_3,0.1909884214401245,3,4,0
Sample_107,Expert_4,0.416517972946167,3,4,0
Sample_108,Expert_1,0.006631399039179087,2,4,0
Sample_108,Expert_2,0.07503005862236023,2,4,0
Sample_108,Expert_3,0.009312491863965988,2,4,0
Sample_108,Expert_4,0.9090260863304138,2,4,0
Sample_109,Expert_1,0.02447855845093727,3,4,0
Sample_109,Expert_2,0.04264160245656967,3,4,0
Sample_109,Expert_3,0.2726238965988159,3,4,0
Sample_109,Expert_4,0.6602559685707092,3,4,0
Sample_110,Expert_1,0.024720938876271248,5,4,0
Sample_110,Expert_2,0.64814293384552,5,4,0
Sample_110,Expert_3,0.2819496989250183,5,4,0
Sample_110,Expert_4,0.045186445116996765,5,4,0
Sample_111,Expert_1,0.12235461175441742,1,4,0
Sample_111,Expert_2,0.01890190877020359,1,4,0
Sample_111,Expert_3,0.7423921227455139,1,4,0
Sample_111,Expert_4,0.11635133624076843,1,4,0
Sample_112,Expert_1,0.0026276675052940845,2,4,0
Sample_112,Expert_2,0.05504687502980232,2,4,0
Sample_112,Expert_3,0.044498804956674576,2,4,0
Sample_112,Expert_4,0.8978266716003418,2,4,0
Sample_113,Expert_1,0.023480447009205818,6,4,0
Sample_113,Expert_2,0.43094462156295776,6,4,0
Sample_113,Expert_3,0.5149155855178833,6,4,0
Sample_113,Expert_4,0.030659403651952744,6,4,0
Sample_114,Expert_1,1.3901906186220003e-06,5,4,0
Sample_114,Expert_2,0.9980154037475586,5,4,0
Sample_114,Expert_3,0.0012949842493981123,5,4,0
Sample_114,Expert_4,0.0006882773595862091,5,4,0
Sample_115,Expert_1,0.008676907047629356,2,4,0
Sample_115,Expert_2,0.020274408161640167,2,4,0
Sample_115,Expert_3,0.44560083746910095,2,4,0
Sample_115,Expert_4,0.5254477858543396,2,4,0
Sample_116,Expert_1,0.4255845248699188,9,4,0
Sample_116,Expert_2,0.2013537734746933,9,4,0
Sample_116,Expert_3,0.03274315968155861,9,4,0
Sample_116,Expert_4,0.34031859040260315,9,4,0
Sample_117,Expert_1,0.09170499444007874,0,4,0
Sample_117,Expert_2,0.7071583867073059,0,4,0
Sample_117,Expert_3,0.005356243811547756,0,4,0
Sample_117,Expert_4,0.19578032195568085,0,4,0
Sample_118,Expert_1,0.38176003098487854,7,4,0
Sample_118,Expert_2,0.04475124925374985,7,4,0
Sample_118,Expert_3,0.4983087480068207,7,4,0
Sample_118,Expert_4,0.0751800611615181,7,4,0
Sample_119,Expert_1,0.012441867031157017,3,4,0
Sample_119,Expert_2,0.09811106324195862,3,4,0
Sample_119,Expert_3,0.03438633307814598,3,4,0
Sample_119,Expert_4,0.8550607562065125,3,4,0
Sample_120,Expert_1,0.0009113617124967277,5,4,0
Sample_120,Expert_2,0.8906127214431763,5,4,0
Sample_120,Expert_3,0.10400142520666122,5,4,0
Sample_120,Expert_4,0.004474465269595385,5,4,0
Sample_121,Expert_1,0.49257704615592957,9,4,0
Sample_121,Expert_2,0.06668231636285782,9,4,0
Sample_121,Expert_3,0.23444940149784088,9,4,0
Sample_121,Expert_4,0.20629125833511353,9,4,0
Sample_122,Expert_1,0.024062052369117737,8,4,0
Sample_122,Expert_2,0.11581487208604813,8,4,0
Sample_122,Expert_3,0.02669288031756878,8,4,0
Sample_122,Expert_4,0.8334302306175232,8,4,0
Sample_123,Expert_1,0.004151788540184498,5,4,0
Sample_123,Expert_2,0.8414154052734375,5,4,0
Sample_123,Expert_3,0.1512065976858139,5,4,0
Sample_123,Expert_4,0.003226232947781682,5,4,0
Sample_124,Expert_1,0.04712744057178497,0,4,0
Sample_124,Expert_2,0.7821564078330994,0,4,0
Sample_124,Expert_3,0.011785326525568962,0,4,0
Sample_124,Expert_4,0.15893077850341797,0,4,0
Sample_125,Expert_1,0.08079175651073456,3,4,0
Sample_125,Expert_2,0.2405543327331543,3,4,0
Sample_125,Expert_3,0.5485113859176636,3,4,0
Sample_125,Expert_4,0.13014252483844757,3,4,0
Sample_126,Expert_1,0.09527658671140671,1,4,0
Sample_126,Expert_2,0.007479960098862648,1,4,0
Sample_126,Expert_3,0.7993094325065613,1,4,0
Sample_126,Expert_4,0.0979340672492981,1,4,0
Sample_127,Expert_1,0.20634476840496063,2,4,0
Sample_127,Expert_2,0.06405091285705566,2,4,0
Sample_127,Expert_3,0.28529489040374756,2,4,0
Sample_127,Expert_4,0.44430941343307495,2,4,0
Sample_128,Expert_1,0.09387914091348648,8,4,0
Sample_128,Expert_2,0.3623325824737549,8,4,0
Sample_128,Expert_3,0.043350379914045334,8,4,0
Sample_128,Expert_4,0.50043785572052,8,4,0
Sample_129,Expert_1,0.01581651344895363,8,4,0
Sample_129,Expert_2,0.1847425103187561,8,4,0
Sample_129,Expert_3,0.04876258596777916,8,4,0
Sample_129,Expert_4,0.7506784796714783,8,4,0
Sample_130,Expert_1,0.01474787201732397,3,4,0
Sample_130,Expert_2,0.11730752885341644,3,4,0
Sample_130,Expert_3,0.07471831142902374,3,4,0
Sample_130,Expert_4,0.7932262420654297,3,4,0
Sample_131,Expert_1,0.000829701719339937,2,4,0
Sample_131,Expert_2,0.01613796502351761,2,4,0
Sample_131,Expert_3,0.01290073525160551,2,4,0
Sample_131,Expert_4,0.9701316356658936,2,4,0
Sample_132,Expert_1,0.7653508186340332,9,4,0
Sample_132,Expert_2,0.1524134874343872,9,4,0
Sample_132,Expert_3,0.008913598023355007,9,4,0
Sample_132,Expert_4,0.07332206517457962,9,4,0
Sample_133,Expert_1,0.5994921922683716,7,4,0
Sample_133,Expert_2,0.06751801073551178,7,4,0
Sample_133,Expert_3,0.19609993696212769,7,4,0
Sample_133,Expert_4,0.13688991963863373,7,4,0
Sample_134,Expert_1,0.7657783627510071,7,4,0
Sample_134,Expert_2,0.060316771268844604,7,4,0
Sample_134,Expert_3,0.04785579442977905,7,4,0
Sample_134,Expert_4,0.12604908645153046,7,4,0
Sample_135,Expert_1,0.004698190838098526,2,4,0
Sample_135,Expert_2,0.21860599517822266,2,4,0
Sample_135,Expert_3,0.1749475598335266,2,4,0
Sample_135,Expert_4,0.6017482280731201,2,4,0
Sample_136,Expert_1,0.03461343050003052,6,4,0
Sample_136,Expert_2,0.31451615691185,6,4,0
Sample_136,Expert_3,0.6086822152137756,6,4,0
Sample_136,Expert_4,0.042188212275505066,6,4,0
Sample_137,Expert_1,0.05628044158220291,8,4,0
Sample_137,Expert_2,0.23617230355739594,8,4,0
Sample_137,Expert_3,0.033371422439813614,8,4,0
Sample_137,Expert_4,0.6741757988929749,8,4,0
Sample_138,Expert_1,0.029440170153975487,1,4,0
Sample_138,Expert_2,0.018894193693995476,1,4,0
Sample_138,Expert_3,0.8839533925056458,1,4,0
Sample_138,Expert_4,0.0677121952176094,1,4,0
Sample_139,Expert_1,0.8495431542396545,4,4,0
Sample_139,Expert_2,0.07430028170347214,4,4,0
Sample_139,Expert_3,0.013124818913638592,4,4,0
Sample_139,Expert_4,0.06303173303604126,4,4,0
Sample_140,Expert_1,0.15042617917060852,1,4,0
Sample_140,Expert_2,0.007664659060537815,1,4,0
Sample_140,Expert_3,0.6133142709732056,1,4,0
Sample_140,Expert_4,0.22859492897987366,1,4,0
Sample_141,Expert_1,0.342318594455719,4,4,0
Sample_141,Expert_2,0.07558788359165192,4,4,0
Sample_141,Expert_3,0.28085264563560486,4,4,0
Sample_141,Expert_4,0.3012408912181854,4,4,0
Sample_142,Expert_1,0.020941058173775673,3,4,0
Sample_142,Expert_2,0.251956582069397,3,4,0
Sample_142,Expert_3,0.07103763520717621,3,4,0
Sample_142,Expert_4,0.6560646891593933,3,4,0
Sample_143,Expert_1,0.01394836325198412,2,4,0
Sample_143,Expert_2,0.015501858666539192,2,4,0
Sample_143,Expert_3,0.22896456718444824,2,4,0
Sample_143,Expert_4,0.7415851354598999,2,4,0
Sample_144,Expert_1,0.06258401274681091,6,4,0
Sample_144,Expert_2,0.44701269268989563,6,4,0
Sample_144,Expert_3,0.23835308849811554,6,4,0
Sample_144,Expert_4,0.2520501911640167,6,4,0
Sample_145,Expert_1,0.47242313623428345,7,4,0
Sample_145,Expert_2,0.11717533320188522,7,4,0
Sample_145,Expert_3,0.023421941325068474,7,4,0
Sample_145,Expert_4,0.38697952032089233,7,4,0
Sample_146,Expert_1,0.00021930939692538232,2,4,0
Sample_146,Expert_2,0.018481552600860596,2,4,0
Sample_146,Expert_3,0.005091933533549309,2,4,0
Sample_146,Expert_4,0.9762071967124939,2,4,0
Sample_147,Expert_1,0.18721413612365723,3,4,0
Sample_147,Expert_2,0.08562180399894714,3,4,0
Sample_147,Expert_3,0.027118198573589325,3,4,0
Sample_147,Expert_4,0.7000458240509033,3,4,0
Sample_148,Expert_1,0.5929464101791382,4,4,0
Sample_148,Expert_2,0.10227018594741821,4,4,0
Sample_148,Expert_3,0.07478095591068268,4,4,0
Sample_148,Expert_4,0.23000240325927734,4,4,0
Sample_149,Expert_1,0.5325973033905029,7,4,0
Sample_149,Expert_2,0.04075632616877556,7,4,0
Sample_149,Expert_3,0.08749369531869888,7,4,0
Sample_149,Expert_4,0.33915266394615173,7,4,0
Sample_150,Expert_1,0.15274062752723694,1,4,0
Sample_150,Expert_2,0.006678571924567223,1,4,0
Sample_150,Expert_3,0.6775054931640625,1,4,0
Sample_150,Expert_4,0.1630753129720688,1,4,0
Sample_151,Expert_1,0.014344459399580956,5,4,0
Sample_151,Expert_2,0.41467440128326416,5,4,0
Sample_151,Expert_3,0.536763608455658,5,4,0
Sample_151,Expert_4,0.03421753644943237,5,4,0
Sample_152,Expert_1,0.016896039247512817,0,4,0
Sample_152,Expert_2,0.7810674905776978,0,4,0
Sample_152,Expert_3,0.03189860284328461,0,4,0
Sample_152,Expert_4,0.17013785243034363,0,4,0
Sample_153,Expert_1,0.07539711147546768,8,4,0
Sample_153,Expert_2,0.028960783034563065,8,4,0
Sample_153,Expert_3,0.13683201372623444,8,4,0
Sample_153,Expert_4,0.7588101029396057,8,4,0
Sample_154,Expert_1,0.00815296545624733,3,4,0
Sample_154,Expert_2,0.09194494783878326,3,4,0
Sample_154,Expert_3,0.009155740030109882,3,4,0
Sample_154,Expert_4,0.8907463550567627,3,4,0
Sample_155,Expert_1,0.0573379211127758,3,4,0
Sample_155,Expert_2,0.34224453568458557,3,4,0
Sample_155,Expert_3,0.47604283690452576,3,4,0
Sample_155,Expert_4,0.12437467277050018,3,4,0
Sample_156,Expert_1,0.07755477726459503,6,4,0
Sample_156,Expert_2,0.046191565692424774,6,4,0
Sample_156,Expert_3,0.5643569231033325,6,4,0
Sample_156,Expert_4,0.31189674139022827,6,4,0
Sample_157,Expert_1,0.2273290753364563,7,4,0
Sample_157,Expert_2,0.028834521770477295,7,4,0
Sample_157,Expert_3,0.004131132271140814,7,4,0
Sample_157,Expert_4,0.7397053241729736,7,4,0
Sample_158,Expert_1,0.0004579545930027962,5,4,0
Sample_158,Expert_2,0.7883622646331787,5,4,0
Sample_158,Expert_3,0.1873597800731659,5,4,0
Sample_158,Expert_4,0.023820029571652412,5,4,0
Sample_159,Expert_1,0.3215344250202179,8,4,0
Sample_159,Expert_2,0.2052145153284073,8,4,0
Sample_159,Expert_3,0.04005494341254234,8,4,0
Sample_159,Expert_4,0.43319615721702576,8,4,0
Sample_160,Expert_1,0.25282952189445496,0,4,0
Sample_160,Expert_2,0.18563902378082275,0,4,0
Sample_160,Expert_3,0.06350333988666534,0,4,0
Sample_160,Expert_4,0.4980281591415405,0,4,0
Sample_161,Expert_1,0.05937240645289421,2,4,0
Sample_161,Expert_2,0.08851078152656555,2,4,0
Sample_161,Expert_3,0.046104755252599716,2,4,0
Sample_161,Expert_4,0.8060120940208435,2,4,0
Sample_162,Expert_1,0.05401664599776268,1,4,0
Sample_162,Expert_2,0.10969829559326172,1,4,0
Sample_162,Expert_3,0.6972758173942566,1,4,0
Sample_162,Expert_4,0.13900920748710632,1,4,0
Sample_163,Expert_1,0.4864507019519806,7,4,0
Sample_163,Expert_2,0.045698706060647964,7,4,0
Sample_163,Expert_3,0.02716115303337574,7,4,0
Sample_163,Expert_4,0.44068941473960876,7,4,0
Sample_164,Expert_1,0.8982933163642883,9,4,0
Sample_164,Expert_2,0.004576670937240124,9,4,0
Sample_164,Expert_3,0.008434347808361053,9,4,0
Sample_164,Expert_4,0.08869563788175583,9,4,0
Sample_165,Expert_1,0.053528860211372375,8,4,0
Sample_165,Expert_2,0.22137534618377686,8,4,0
Sample_165,Expert_3,0.13946114480495453,8,4,0
Sample_165,Expert_4,0.5856345891952515,8,4,0
Sample_166,Expert_1,0.2129220813512802,1,4,0
Sample_166,Expert_2,0.010605023242533207,1,4,0
Sample_166,Expert_3,0.7042465806007385,1,4,0
Sample_166,Expert_4,0.07222629338502884,1,4,0
Sample_167,Expert_1,0.0022976133041083813,5,4,0
Sample_167,Expert_2,0.9708252549171448,5,4,0
Sample_167,Expert_3,0.012377861887216568,5,4,0
Sample_167,Expert_4,0.014499318785965443,5,4,0
Sample_168,Expert_1,0.34768441319465637,7,4,0
Sample_168,Expert_2,0.026806794106960297,7,4,0
Sample_168,Expert_3,0.10691777616739273,7,4,0
Sample_168,Expert_4,0.5185909271240234,7,4,0
Sample_169,Expert_1,0.03094821237027645,6,4,0
Sample_169,Expert_2,0.07844290882349014,6,4,0
Sample_169,Expert_3,0.8185111284255981,6,4,0
Sample_169,Expert_4,0.07209782302379608,6,4,0
Sample_170,Expert_1,0.000951765279751271,2,4,0
Sample_170,Expert_2,0.014753148891031742,2,4,0
Sample_170,Expert_3,0.019269196316599846,2,4,0
Sample_170,Expert_4,0.9650258421897888,2,4,0
Sample_171,Expert_1,0.0345633402466774,0,4,0
Sample_171,Expert_2,0.766811728477478,0,4,0
Sample_171,Expert_3,0.024639619514346123,0,4,0
Sample_171,Expert_4,0.1739853471517563,0,4,0
Sample_172,Expert_1,0.02393483556807041,0,4,0
Sample_172,Expert_2,0.4626178443431854,0,4,0
Sample_172,Expert_3,0.30805128812789917,0,4,0
Sample_172,Expert_4,0.20539599657058716,0,4,0
Sample_173,Expert_1,0.00989608559757471,2,4,0
Sample_173,Expert_2,0.04041312262415886,2,4,0
Sample_173,Expert_3,0.0973624512553215,2,4,0
Sample_173,Expert_4,0.8523282408714294,2,4,0
Sample_174,Expert_1,0.15550027787685394,7,4,0
Sample_174,Expert_2,0.047212667763233185,7,4,0
Sample_174,Expert_3,0.07971693575382233,7,4,0
Sample_174,Expert_4,0.7175701260566711,7,4,0
Sample_175,Expert_1,0.03878704085946083,8,4,0
Sample_175,Expert_2,0.21625429391860962,8,4,0
Sample_175,Expert_3,0.1220000684261322,8,4,0
Sample_175,Expert_4,0.6229585409164429,8,4,0
Sample_176,Expert_1,0.1070815846323967,6,4,0
Sample_176,Expert_2,0.18903303146362305,6,4,0
Sample_176,Expert_3,0.5794371366500854,6,4,0
Sample_176,Expert_4,0.124448262155056,6,4,0
Sample_177,Expert_1,0.943023681640625,7,4,0
Sample_177,Expert_2,0.02178085781633854,7,4,0
Sample_177,Expert_3,0.0010784344049170613,7,4,0
Sample_177,Expert_4,0.03411702439188957,7,4,0
Sample_178,Expert_1,0.6049653887748718,9,4,0
Sample_178,Expert_2,0.07750917226076126,9,4,0
Sample_178,Expert_3,0.10253722220659256,9,4,0
Sample_178,Expert_4,0.21498821675777435,9,4,0
Sample_179,Expert_1,0.047032397240400314,6,4,0
Sample_179,Expert_2,0.3405287265777588,6,4,0
Sample_179,Expert_3,0.565261960029602,6,4,0
Sample_179,Expert_4,0.04717689007520676,6,4,0
Sample_180,Expert_1,0.6745548248291016,4,4,0
Sample_180,Expert_2,0.002158555667847395,4,4,0
Sample_180,Expert_3,0.1814245730638504,4,4,0
Sample_180,Expert_4,0.14186204969882965,4,4,0
Sample_181,Expert_1,0.04584589600563049,8,4,0
Sample_181,Expert_2,0.2740868031978607,8,4,0
Sample_181,Expert_3,0.040752165019512177,8,4,0
Sample_181,Expert_4,0.639315128326416,8,4,0
Sample_182,Expert_1,0.04226871579885483,1,4,0
Sample_182,Expert_2,0.006292184814810753,1,4,0
Sample_182,Expert_3,0.9343855381011963,1,4,0
Sample_182,Expert_4,0.017053481191396713,1,4,0
Sample_183,Expert_1,0.15502341091632843,0,4,0
Sample_183,Expert_2,0.5473016500473022,0,4,0
Sample_183,Expert_3,0.0521039180457592,0,4,0
Sample_183,Expert_4,0.2455710470676422,0,4,0
Sample_184,Expert_1,0.23260009288787842,0,4,0
Sample_184,Expert_2,0.564674973487854,0,4,0
Sample_184,Expert_3,0.009041056036949158,0,4,0
Sample_184,Expert_4,0.19368384778499603,0,4,0
Sample_185,Expert_1,0.279349684715271,7,4,0
Sample_185,Expert_2,0.07597561925649643,7,4,0
Sample_185,Expert_3,0.042176250368356705,7,4,0
Sample_185,Expert_4,0.602498471736908,7,4,0
Sample_186,Expert_1,0.10395260900259018,2,4,0
Sample_186,Expert_2,0.12634800374507904,2,4,0
Sample_186,Expert_3,0.16059352457523346,2,4,0
Sample_186,Expert_4,0.6091058254241943,2,4,0
Sample_187,Expert_1,0.9141360521316528,4,4,0
Sample_187,Expert_2,0.025188934057950974,4,4,0
Sample_187,Expert_3,0.014411289244890213,4,4,0
Sample_187,Expert_4,0.04626363515853882,4,4,0
Sample_188,Expert_1,0.34963884949684143,7,4,0
Sample_188,Expert_2,0.051117490977048874,7,4,0
Sample_188,Expert_3,0.24267831444740295,7,4,0
Sample_188,Expert_4,0.35656529664993286,7,4,0
Sample_189,Expert_1,0.40076684951782227,9,4,0
Sample_189,Expert_2,0.05334506183862686,9,4,0
Sample_189,Expert_3,0.08646439015865326,9,4,0
Sample_189,Expert_4,0.4594237506389618,9,4,0
Sample_190,Expert_1,0.030494393780827522,8,4,0
Sample_190,Expert_2,0.18243423104286194,8,4,0
Sample_190,Expert_3,0.09132039546966553,8,4,0
Sample_190,Expert_4,0.6957510113716125,8,4,0
Sample_191,Expert_1,0.0202318225055933,8,4,0
Sample_191,Expert_2,0.08556042611598969,8,4,0
Sample_191,Expert_3,0.020069720223546028,8,4,0
Sample_191,Expert_4,0.8741380572319031,8,4,0
Sample_192,Expert_1,0.03770271688699722,8,4,0
Sample_192,Expert_2,0.433667927980423,8,4,0
Sample_192,Expert_3,0.14939580857753754,8,4,0
Sample_192,Expert_4,0.3792335093021393,8,4,0
Sample_193,Expert_1,0.507964015007019,4,4,0
Sample_193,Expert_2,0.050215207040309906,4,4,0
Sample_193,Expert_3,0.28428706526756287,4,4,0
Sample_193,Expert_4,0.15753373503684998,4,4,0
Sample_194,Expert_1,0.0030674149747937918,5,4,0
Sample_194,Expert_2,0.8617653250694275,5,4,0
Sample_194,Expert_3,0.1237337589263916,5,4,0
Sample_194,Expert_4,0.011433444917201996,5,4,0
Sample_195,Expert_1,0.8169984221458435,9,4,0
Sample_195,Expert_2,0.0537174716591835,9,4,0
Sample_195,Expert_3,0.008094160817563534,9,4,0
Sample_195,Expert_4,0.1211899071931839,9,4,0
Sample_196,Expert_1,0.12310604006052017,8,4,0
Sample_196,Expert_2,0.22535952925682068,8,4,0
Sample_196,Expert_3,0.05343880131840706,8,4,0
Sample_196,Expert_4,0.5980955958366394,8,4,0
Sample_197,Expert_1,0.049293458461761475,6,4,0
Sample_197,Expert_2,0.43379446864128113,6,4,0
Sample_197,Expert_3,0.41458624601364136,6,4,0
Sample_197,Expert_4,0.10232588648796082,6,4,0
Sample_198,Expert_1,0.13223502039909363,6,4,0
Sample_198,Expert_2,0.12467015534639359,6,4,0
Sample_198,Expert_3,0.5307788848876953,6,4,0
Sample_198,Expert_4,0.21231594681739807,6,4,0
Sample_199,Expert_1,0.04866085574030876,0,4,0
Sample_199,Expert_2,0.6874729990959167,0,4,0
Sample_199,Expert_3,0.031098561361432076,0,4,0
Sample_199,Expert_4,0.23276753723621368,0,4,0
Sample_200,Expert_1,0.1300535649061203,7,4,0
Sample_200,Expert_2,0.39820435643196106,7,4,0
Sample_200,Expert_3,0.03344276174902916,7,4,0
Sample_200,Expert_4,0.43829935789108276,7,4,0
Sample_201,Expert_1,0.00547594390809536,2,4,0
Sample_201,Expert_2,0.023946162313222885,2,4,0
Sample_201,Expert_3,0.02912525087594986,2,4,0
Sample_201,Expert_4,0.94145268201828,2,4,0
Sample_202,Expert_1,0.9224728345870972,4,4,0
Sample_202,Expert_2,0.003209330840036273,4,4,0
Sample_202,Expert_3,0.016832608729600906,4,4,0
Sample_202,Expert_4,0.05748525634407997,4,4,0
Sample_203,Expert_1,0.6432743072509766,9,4,0
Sample_203,Expert_2,0.10816581547260284,9,4,0
Sample_203,Expert_3,0.08330831676721573,9,4,0
Sample_203,Expert_4,0.16525161266326904,9,4,0
Sample_204,Expert_1,0.03894487023353577,2,4,0
Sample_204,Expert_2,0.3157727122306824,2,4,0
Sample_204,Expert_3,0.05276991426944733,2,4,0
Sample_204,Expert_4,0.5925124883651733,2,4,0
Sample_205,Expert_1,0.0027851632330566645,2,4,0
Sample_205,Expert_2,0.07987811416387558,2,4,0
Sample_205,Expert_3,0.027343230322003365,2,4,0
Sample_205,Expert_4,0.8899934887886047,2,4,0
Sample_206,Expert_1,0.6782528162002563,7,4,0
Sample_206,Expert_2,0.04801291599869728,7,4,0
Sample_206,Expert_3,0.022565266117453575,7,4,0
Sample_206,Expert_4,0.2511690557003021,7,4,0
Sample_207,Expert_1,0.16512452065944672,1,4,0
Sample_207,Expert_2,0.03895903751254082,1,4,0
Sample_207,Expert_3,0.6511197686195374,1,4,0
Sample_207,Expert_4,0.14479663968086243,1,4,0
Sample_208,Expert_1,0.022281328216195107,0,4,0
Sample_208,Expert_2,0.9155910015106201,0,4,0
Sample_208,Expert_3,0.028324328362941742,0,4,0
Sample_208,Expert_4,0.033803343772888184,0,4,0
Sample_209,Expert_1,0.005127315409481525,2,4,0
Sample_209,Expert_2,0.03319113329052925,2,4,0
Sample_209,Expert_3,0.0561898797750473,2,4,0
Sample_209,Expert_4,0.9054915904998779,2,4,0
Sample_210,Expert_1,0.609524130821228,9,4,0
Sample_210,Expert_2,0.1999022513628006,9,4,0
Sample_210,Expert_3,0.014975877478718758,9,4,0
Sample_210,Expert_4,0.17559780180454254,9,4,0
Sample_211,Expert_1,0.7509679794311523,4,4,0
Sample_211,Expert_2,0.03448371961712837,4,4,0
Sample_211,Expert_3,0.14420020580291748,4,4,0
Sample_211,Expert_4,0.07034814357757568,4,4,0
Sample_212,Expert_1,0.09554532170295715,3,4,0
Sample_212,Expert_2,0.22335442900657654,3,4,0
Sample_212,Expert_3,0.106163889169693,3,4,0
Sample_212,Expert_4,0.5749363899230957,3,4,0
Sample_213,Expert_1,0.7782202959060669,4,4,0
Sample_213,Expert_2,0.20254099369049072,4,4,0
Sample_213,Expert_3,0.0157285425812006,4,4,0
Sample_213,Expert_4,0.003510180162265897,4,4,0
Sample_214,Expert_1,0.022535601630806923,6,4,0
Sample_214,Expert_2,0.040748368948698044,6,4,0
Sample_214,Expert_3,0.9024640321731567,6,4,0
Sample_214,Expert_4,0.03425193950533867,6,4,0
Sample_215,Expert_1,0.014589671976864338,2,4,0
Sample_215,Expert_2,0.05031595379114151,2,4,0
Sample_215,Expert_3,0.11371824145317078,2,4,0
Sample_215,Expert_4,0.8213761448860168,2,4,0
Sample_216,Expert_1,0.12888920307159424,7,4,0
Sample_216,Expert_2,0.01247123721987009,7,4,0
Sample_216,Expert_3,0.2136705368757248,7,4,0
Sample_216,Expert_4,0.6449690461158752,7,4,0
Sample_217,Expert_1,0.5453689694404602,7,4,0
Sample_217,Expert_2,0.08752884715795517,7,4,0
Sample_217,Expert_3,0.07667812705039978,7,4,0
Sample_217,Expert_4,0.29042404890060425,7,4,0
Sample_218,Expert_1,0.1495659053325653,1,4,0
Sample_218,Expert_2,0.012805866077542305,1,4,0
Sample_218,Expert_3,0.8134968876838684,1,4,0
Sample_218,Expert_4,0.024131329730153084,1,4,0
Sample_219,Expert_1,0.314279705286026,8,4,0
Sample_219,Expert_2,0.23574933409690857,8,4,0
Sample_219,Expert_3,0.3142484128475189,8,4,0
Sample_219,Expert_4,0.1357225477695465,8,4,0
Sample_220,Expert_1,0.08270750194787979,2,4,0
Sample_220,Expert_2,0.024190887808799744,2,4,0
Sample_220,Expert_3,0.1817704290151596,2,4,0
Sample_220,Expert_4,0.7113311886787415,2,4,0
Sample_221,Expert_1,0.019064392894506454,0,4,0
Sample_221,Expert_2,0.865325391292572,0,4,0
Sample_221,Expert_3,0.008449407294392586,0,4,0
Sample_221,Expert_4,0.10716086626052856,0,4,0
Sample_222,Expert_1,0.9474258422851562,4,4,0
Sample_222,Expert_2,0.015360971912741661,4,4,0
Sample_222,Expert_3,0.03410251438617706,4,4,0
Sample_222,Expert_4,0.0031106474343687296,4,4,0
Sample_223,Expert_1,0.0021536583080887794,0,4,0
Sample_223,Expert_2,0.922591507434845,0,4,0
Sample_223,Expert_3,0.0003792818170040846,0,4,0
Sample_223,Expert_4,0.07487554103136063,0,4,0
Sample_224,Expert_1,0.15707848966121674,8,4,0
Sample_224,Expert_2,0.546028196811676,8,4,0
Sample_224,Expert_3,0.05856150761246681,8,4,0
Sample_224,Expert_4,0.23833176493644714,8,4,0
Sample_225,Expert_1,0.05856458842754364,1,4,0
Sample_225,Expert_2,0.036539360880851746,1,4,0
Sample_225,Expert_3,0.8956854343414307,1,4,0
Sample_225,Expert_4,0.009210625663399696,1,4,0
Sample_226,Expert_1,0.6957974433898926,9,4,0
Sample_226,Expert_2,0.07017898559570312,9,4,0
Sample_226,Expert_3,0.10484009236097336,9,4,0
Sample_226,Expert_4,0.12918351590633392,9,4,0
Sample_227,Expert_1,0.003684082766994834,5,4,0
Sample_227,Expert_2,0.5359335541725159,5,4,0
Sample_227,Expert_3,0.4460568130016327,5,4,0
Sample_227,Expert_4,0.014325552619993687,5,4,0
Sample_228,Expert_1,0.4777229130268097,7,4,0
Sample_228,Expert_2,0.09360229969024658,7,4,0
Sample_228,Expert_3,0.1712062656879425,7,4,0
Sample_228,Expert_4,0.25746849179267883,7,4,0
Sample_229,Expert_1,0.054263822734355927,2,4,0
Sample_229,Expert_2,0.23972830176353455,2,4,0
Sample_229,Expert_3,0.15613508224487305,2,4,0
Sample_229,Expert_4,0.5498728156089783,2,4,0
Sample_230,Expert_1,0.12087831646203995,8,4,0
Sample_230,Expert_2,0.220279261469841,8,4,0
Sample_230,Expert_3,0.1825590431690216,8,4,0
Sample_230,Expert_4,0.47628334164619446,8,4,0
Sample_231,Expert_1,0.03299913555383682,0,4,0
Sample_231,Expert_2,0.5796357989311218,0,4,0
Sample_231,Expert_3,0.03785993531346321,0,4,0
Sample_231,Expert_4,0.34950509667396545,0,4,0
Sample_232,Expert_1,0.0013548096176236868,2,4,0
Sample_232,Expert_2,0.03624851256608963,2,4,0
Sample_232,Expert_3,0.0026740049943327904,2,4,0
Sample_232,Expert_4,0.9597226977348328,2,4,0
Sample_233,Expert_1,0.07571336627006531,1,4,0
Sample_233,Expert_2,0.13427624106407166,1,4,0
Sample_233,Expert_3,0.6645517349243164,1,4,0
Sample_233,Expert_4,0.12545864284038544,1,4,0
Sample_234,Expert_1,0.09101633727550507,0,4,0
Sample_234,Expert_2,0.45017626881599426,0,4,0
Sample_234,Expert_3,0.007686258293688297,0,4,0
Sample_234,Expert_4,0.45112115144729614,0,4,0
Sample_235,Expert_1,0.027878085151314735,0,4,0
Sample_235,Expert_2,0.7310759425163269,0,4,0
Sample_235,Expert_3,0.052967578172683716,0,4,0
Sample_235,Expert_4,0.18807841837406158,0,4,0
Sample_236,Expert_1,0.09980632364749908,8,4,0
Sample_236,Expert_2,0.41752946376800537,8,4,0
Sample_236,Expert_3,0.15570074319839478,8,4,0
Sample_236,Expert_4,0.3269633650779724,8,4,0
Sample_237,Expert_1,0.5578684210777283,4,4,0
Sample_237,Expert_2,0.02583588846027851,4,4,0
Sample_237,Expert_3,0.3114165961742401,4,4,0
Sample_237,Expert_4,0.10487907379865646,4,4,0
Sample_238,Expert_1,0.070990189909935,0,4,0
Sample_238,Expert_2,0.724894106388092,0,4,0
Sample_238,Expert_3,0.014971080236136913,0,4,0
Sample_238,Expert_4,0.18914459645748138,0,4,0
Sample_239,Expert_1,0.8253312110900879,7,4,0
Sample_239,Expert_2,0.13980118930339813,7,4,0
Sample_239,Expert_3,0.010661854408681393,7,4,0
Sample_239,Expert_4,0.02420574426651001,7,4,0
Sample_240,Expert_1,0.11454346030950546,1,4,0
Sample_240,Expert_2,0.25516489148139954,1,4,0
Sample_240,Expert_3,0.582970142364502,1,4,0
Sample_240,Expert_4,0.04732147231698036,1,4,0
Sample_241,Expert_1,0.0005565158789977431,3,4,0
Sample_241,Expert_2,0.09190362691879272,3,4,0
Sample_241,Expert_3,0.00214990321546793,3,4,0
Sample_241,Expert_4,0.9053900241851807,3,4,0
Sample_242,Expert_1,0.03474356606602669,6,4,0
Sample_242,Expert_2,0.08092080801725388,6,4,0
Sample_242,Expert_3,0.7162683606147766,6,4,0
Sample_242,Expert_4,0.16806720197200775,6,4,0
Sample_243,Expert_1,0.016689879819750786,3,4,0
Sample_243,Expert_2,0.2430095225572586,3,4,0
Sample_243,Expert_3,0.43419787287712097,3,4,0
Sample_243,Expert_4,0.3061027228832245,3,4,0
Sample_244,Expert_1,0.4706398844718933,7,4,0
Sample_244,Expert_2,0.132832869887352,7,4,0
Sample_244,Expert_3,0.16945812106132507,7,4,0
Sample_244,Expert_4,0.22706909477710724,7,4,0
Sample_245,Expert_1,0.0010472325375303626,2,4,0
Sample_245,Expert_2,0.0879645124077797,2,4,0
Sample_245,Expert_3,0.010504018515348434,2,4,0
Sample_245,Expert_4,0.9004841446876526,2,4,0
Sample_246,Expert_1,0.03208769112825394,0,4,0
Sample_246,Expert_2,0.754629909992218,0,4,0
Sample_246,Expert_3,0.06450491398572922,0,4,0
Sample_246,Expert_4,0.1487775295972824,0,4,0
Sample_247,Expert_1,0.022622717544436455,1,4,0
Sample_247,Expert_2,0.016389712691307068,1,4,0
Sample_247,Expert_3,0.9456627368927002,1,4,0
Sample_247,Expert_4,0.015324871055781841,1,4,0
Sample_248,Expert_1,0.0010487425606697798,3,4,0
Sample_248,Expert_2,0.14081408083438873,3,4,0
Sample_248,Expert_3,0.048417720943689346,3,4,0
Sample_248,Expert_4,0.8097195029258728,3,4,0
Sample_249,Expert_1,0.024029985070228577,8,4,0
Sample_249,Expert_2,0.3183843791484833,8,4,0
Sample_249,Expert_3,0.023703059181571007,8,4,0
Sample_249,Expert_4,0.6338825821876526,8,4,0
Sample_250,Expert_1,0.07424785196781158,1,4,0
Sample_250,Expert_2,0.016377508640289307,1,4,0
Sample_250,Expert_3,0.8162268996238708,1,4,0
Sample_250,Expert_4,0.09314780682325363,1,4,0
Sample_251,Expert_1,0.013740135356783867,3,4,0
Sample_251,Expert_2,0.1413927525281906,3,4,0
Sample_251,Expert_3,0.06375938653945923,3,4,0
Sample_251,Expert_4,0.7811077237129211,3,4,0
Sample_252,Expert_1,0.09374015033245087,3,4,0
Sample_252,Expert_2,0.2001144289970398,3,4,0
Sample_252,Expert_3,0.0668804720044136,3,4,0
Sample_252,Expert_4,0.6392649412155151,3,4,0
Sample_253,Expert_1,0.05511469021439552,3,4,0
Sample_253,Expert_2,0.23189996182918549,3,4,0
Sample_253,Expert_3,0.27154862880706787,3,4,0
Sample_253,Expert_4,0.4414367377758026,3,4,0
Sample_254,Expert_1,0.01281816978007555,3,4,0
Sample_254,Expert_2,0.36334630846977234,3,4,0
Sample_254,Expert_3,0.13565565645694733,3,4,0
Sample_254,Expert_4,0.4881797730922699,3,4,0
Sample_255,Expert_1,0.1500769406557083,1,4,0
Sample_255,Expert_2,0.06592237204313278,1,4,0
Sample_255,Expert_3,0.7581498622894287,1,4,0
Sample_255,Expert_4,0.025850804522633553,1,4,0
Sample_256,Expert_1,0.022857245057821274,8,4,0
Sample_256,Expert_2,0.7259232401847839,8,4,0
Sample_256,Expert_3,0.06249602884054184,8,4,0
Sample_256,Expert_4,0.18872344493865967,8,4,0
